-- täytedata, jolla tietokanta alustetaan

INSERT INTO customer (id, name, email, passwrd, phone, street_address, postcode, city, created_at, modified_at) VALUES
('11111111-1111-1111-1111-111111111111', 'Matti Meikäläinen', 'matti.meikalainen@example.com', 'salasana1', '0401234567', 'Keskuskatu 1', 00100, 'Helsinki', NOW(), NOW()),
('22222222-2222-2222-2222-222222222222', 'Liisa Virtanen', 'liisa.virtanen@example.com', 'salasana2', '0502345678', 'Mannerheimintie 10', 00100, 'Helsinki', NOW(), NOW()),
('33333333-3333-3333-3333-333333333333', 'Pekka Peloton', 'pekka.peloton@example.com', 'salasana3', '0413456789', 'Aleksanterinkatu 5', 00100, 'Helsinki', NOW(), NOW()),
('44444444-4444-4444-4444-444444444444', 'Anna Aalto', 'anna.aalto@example.com', 'salasana4', '0445566778', 'Puistokatu 3', 90100, 'Oulu', NOW(), NOW()),
('55555555-5555-5555-5555-555555555555', 'Kari Kivinen', 'kari.kivinen@example.com', 'salasana5', '0456677889', 'Torikatu 7', 90100, 'Oulu', NOW(), NOW());

INSERT INTO store (id, name, street_address, postcode, city, email, phone_num, website, created_at, modified_at) VALUES
('a1111111-1111-1111-1111-111111111111', 'Lassen lehti', 'Keskuskatu 2', 00100, 'Helsinki', 'lassen@lehti.fi', '0911122233', 'http://kirjakauppakeskus.fi', NOW(), NOW()),
('a2222222-2222-2222-2222-222222222222', 'Galleinn Galle', 'Itäkatu 5', 00200, 'Helsinki', 'galleinn@galle.fi', '0911222333', 'http://kirjakauppaite.fi', NOW(), NOW());

INSERT INTO purchase (id, date, total_price, shipping_price, customer_id, created_at, modified_at) VALUES
('b1111111-1111-1111-1111-111111111111', NOW() - INTERVAL '15 days', 90.00, 10.00, '11111111-1111-1111-1111-111111111111', NOW() - INTERVAL '15 days', NOW() - INTERVAL '7 days'),
('b2222222-2222-2222-2222-222222222222', NOW() - INTERVAL '10 days', 25.00, 5.00, '22222222-2222-2222-2222-222222222222', NOW() - INTERVAL '10 days', NOW() - INTERVAL '2 days');

INSERT INTO title (id, isbn, name, writer, publisher, year, weight, type, class, created_at, modified_at) VALUES
('d1111111-1111-1111-1111-111111111111', '9789510000001', 'Suden ja Karhun Tarina', 'Mika Miettinen', 'Suomen Kustannus', 2010, 500, 'HARDCOVER', 'FICTION', NOW(), NOW()),
('d2222222-2222-2222-2222-222222222222', '9789510000002', 'Kettu ja Rähmä', 'Laura Laine', 'Otava', 2015, 350, 'PAPERBACK', 'NONFICTION', NOW(), NOW()),
('d3333333-3333-3333-3333-333333333333', '9789510000003', 'Taikojen Aika', 'Jussi Järvinen', 'WSOY', 2018, 400, 'CARTOON', 'COMIC', NOW(), NOW()),
('d4444444-4444-4444-4444-444444444444', '9789510000004', 'Yön Salaisuudet', 'Anniina Aalto', 'Tammi', 2020, 450, 'HARDCOVER', 'OTHER', NOW(), NOW()),
('d5555555-5555-5555-5555-555555555555', '9789510000005', 'Kesän Lumous', 'Kari Kallio', 'WSOY', 2012, 380, 'PAPERBACK', 'FICTION', NOW(), NOW()),
('d6666666-6666-6666-6666-666666666666', '9789510000006', 'Talven Tarina', 'Sanna Salmi', 'Otava', 2016, 420, 'OTHER', 'NONFICTION', NOW(), NOW()),
('d7777777-7777-7777-7777-777777777777', '9789510000007', 'Koodarin Kosto', 'Saku Salminen', 'Suomen Kustannus', 2016, 380, 'HARDCOVER', 'OTHER', NOW(), NOW()),
('d8888888-8888-8888-8888-888888888888', NULL, 'Tietokanta Tarinoita', 'Saku Salminen', 'Suomen Kustannus', 2020, 310, 'HARDCOVER', 'NONFICTION', NOW(), NOW()),
('d9999999-9999-9999-9999-999999999999', '9789510000009', 'Yhden Rivin Elämä', 'Jussi Järvinen', 'WSOY', 2020, 190, 'CARTOON', 'COMIC', NOW(), NOW());

INSERT INTO book (id, title_id, purchase_id, store_id, condition, purchase_price, sale_price, status, created_at, modified_at) VALUES
-- kirjat, jotka Lassen Lehti (d1_divari) omistaa
('e1111111-1111-1111-1111-111111111111', 'd1111111-1111-1111-1111-111111111111', 'b1111111-1111-1111-1111-111111111111', 'a1111111-1111-1111-1111-111111111111', 'GOOD', 20.00, 30.00, 'SOLD', NOW(), NOW()),
('e3333333-3333-3333-3333-333333333333', 'd3333333-3333-3333-3333-333333333333', NULL, 'a1111111-1111-1111-1111-111111111111', 'FAIR', 10.00, 20.00, 'AVAILABLE', NOW(), NOW()),
('e4444444-4444-4444-4444-444444444444', 'd4444444-4444-4444-4444-444444444444', NULL, 'a1111111-1111-1111-1111-111111111111', 'NEW', 18.00, 28.00, 'AVAILABLE', NOW(), NOW()),
('e6666666-6666-6666-6666-666666666666', 'd6666666-6666-6666-6666-666666666666', NULL, 'a1111111-1111-1111-1111-111111111111', 'NEW', 17.00, 27.00, 'AVAILABLE', NOW(), NOW()),
('e7777777-7777-7777-7777-777777777777', 'd1111111-1111-1111-1111-111111111111', 'b1111111-1111-1111-1111-111111111111', 'a1111111-1111-1111-1111-111111111111', 'NEW', 21.00, 31.00, 'SOLD', NOW(), NOW()),
('eaaaaaaa-aaaa-aaaa-aaaa-aaaaaaaaaaaa', 'd9999999-9999-9999-9999-999999999999', NULL, 'a1111111-1111-1111-1111-111111111111', 'FAIR', 9.00, 19.00, 'AVAILABLE', NOW(), NOW()),
('ed111111-1111-1111-1111-111111111111', 'd5555555-5555-5555-5555-555555555555', NULL, 'a1111111-1111-1111-1111-111111111111', 'GOOD', 11.00, 21.00, 'AVAILABLE', NOW(), NOW()),
('ed222222-2222-2222-2222-222222222222', 'd2222222-2222-2222-2222-222222222222', NULL, 'a1111111-1111-1111-1111-111111111111', 'POOR', 8.00, 15.00, 'AVAILABLE', NOW(), NOW()),
('ed444444-4444-4444-4444-444444444444', 'd4444444-4444-4444-4444-444444444444', 'b1111111-1111-1111-1111-111111111111', 'a1111111-1111-1111-1111-111111111111', 'NEW', 19.00, 29.00, 'SOLD', NOW(), NOW()),
('ed555555-5555-5555-5555-555555555555', 'd7777777-7777-7777-7777-777777777777', NULL, 'a1111111-1111-1111-1111-111111111111', 'GOOD', 20.00, 30.00, 'AVAILABLE', NOW(), NOW()),
-- kirjat, jotka Galleinn Galle omistaa
('e2222222-2222-2222-2222-222222222222', 'd2222222-2222-2222-2222-222222222222', 'b2222222-2222-2222-2222-222222222222', 'a2222222-2222-2222-2222-222222222222', 'NEW', 15.00, 25.00, 'SOLD', NOW(), NOW()),
('e5555555-5555-5555-5555-555555555555', 'd5555555-5555-5555-5555-555555555555', NULL, 'a2222222-2222-2222-2222-222222222222', 'POOR', 12.00, 22.00, 'RESERVED', NOW(), NOW()),
('e8888888-8888-8888-8888-888888888888', 'd7777777-7777-7777-7777-777777777777', NULL, 'a2222222-2222-2222-2222-222222222222', 'NEW', 25.00, 35.00, 'AVAILABLE', NOW(), NOW()),
('e9999999-9999-9999-9999-999999999999', 'd8888888-8888-8888-8888-888888888888', NULL, 'a2222222-2222-2222-2222-222222222222', 'GOOD', 14.00, 24.00, 'AVAILABLE', NOW(), NOW()),
('ebbfbfbf-bfbf-bfbf-bfbf-bfbfbfbfbfbf', 'd1111111-1111-1111-1111-111111111111', NULL, 'a2222222-2222-2222-2222-222222222222', 'FAIR', 13.00, 23.00, 'AVAILABLE', NOW(), NOW()),
('ecccccce-cccc-cccc-cccc-cccccccccccc', 'd3333333-3333-3333-3333-333333333333', NULL, 'a2222222-2222-2222-2222-222222222222', 'NEW', 16.00, 26.00, 'RESERVED', NOW(), NOW()),
('ed333333-3333-3333-3333-333333333333', 'd8888888-8888-8888-8888-888888888888', NULL, 'a2222222-2222-2222-2222-222222222222', 'FAIR', 12.00, 20.00, 'RESERVED', NOW(), NOW());

INSERT INTO shipping (max_weight, price)
VALUES
(50, 2.50),
(250, 5.00),
(1000, 10.00),
(2000, 15.00);

INSERT INTO shipment (id, purchase_id, shipping_id, tracking_number, created_at, modified_at) VALUES
('f1111111-1111-1111-1111-111111111111', 'b1111111-1111-1111-1111-111111111111', 1000, 'TRACK123456', NOW(), NOW()),
('f2222222-2222-2222-2222-222222222222', 'b2222222-2222-2222-2222-222222222222', 250, 'TRACK654321', NOW(), NOW());

INSERT INTO shipment_item (shipment_id, book_id) VALUES
('f1111111-1111-1111-1111-111111111111', 'e1111111-1111-1111-1111-111111111111'),
('f1111111-1111-1111-1111-111111111111', 'e7777777-7777-7777-7777-777777777777'),
('f1111111-1111-1111-1111-111111111111', 'ed444444-4444-4444-4444-444444444444'),
('f2222222-2222-2222-2222-222222222222', 'e2222222-2222-2222-2222-222222222222');

INSERT INTO store_schema_mapping (store_id, schema_name) VALUES
('a1111111-1111-1111-1111-111111111111', 'd1_divari');


-- divarin Kallen Lehti (d1_divari) teokset lisätään omaan skeemaansa

INSERT INTO d1_divari.title (id, isbn, name, writer, publisher, year, weight, type, class, created_at, modified_at) VALUES
('d1111111-1111-1111-1111-111111111111', '9789510000001', 'Suden ja Karhun Tarina', 'Mika Miettinen', 'Suomen Kustannus', 2010, 500, 'HARDCOVER', 'FICTION', NOW(), NOW()),
('d2222222-2222-2222-2222-222222222222', '9789510000002', 'Kettu ja Rähmä', 'Laura Laine', 'Otava', 2015, 350, 'PAPERBACK', 'NONFICTION', NOW(), NOW()),
('d3333333-3333-3333-3333-333333333333', '9789510000003', 'Taikojen Aika', 'Jussi Järvinen', 'WSOY', 2018, 400, 'CARTOON', 'COMIC', NOW(), NOW()),
('d4444444-4444-4444-4444-444444444444', '9789510000004', 'Yön Salaisuudet', 'Anniina Aalto', 'Tammi', 2020, 450, 'HARDCOVER', 'OTHER', NOW(), NOW()),
('d5555555-5555-5555-5555-555555555555', '9789510000005', 'Kesän Lumous', 'Kari Kallio', 'WSOY', 2012, 380, 'PAPERBACK', 'FICTION', NOW(), NOW()),
('d6666666-6666-6666-6666-666666666666', '9789510000006', 'Talven Tarina', 'Sanna Salmi', 'Otava', 2016, 420, 'OTHER', 'NONFICTION', NOW(), NOW()),
('d7777777-7777-7777-7777-777777777777', '9789510000007', 'Koodarin Kosto', 'Saku Salminen', 'Suomen Kustannus', 2016, 380, 'HARDCOVER', 'OTHER', NOW(), NOW()),
('d9999999-9999-9999-9999-999999999999', '9789510000009', 'Yhden Rivin Elämä', 'Jussi Järvinen', 'WSOY', 2020, 190, 'CARTOON', 'COMIC', NOW(), NOW());

INSERT INTO d1_divari.book (id, title_id, purchase_id, store_id, condition, purchase_price, sale_price, status, created_at, modified_at) VALUES
('e1111111-1111-1111-1111-111111111111', 'd1111111-1111-1111-1111-111111111111', 'b1111111-1111-1111-1111-111111111111', 'a1111111-1111-1111-1111-111111111111', 'GOOD', 20.00, 30.00, 'SOLD', NOW(), NOW()),
('e3333333-3333-3333-3333-333333333333', 'd3333333-3333-3333-3333-333333333333', NULL, 'a1111111-1111-1111-1111-111111111111', 'FAIR', 10.00, 20.00, 'AVAILABLE', NOW(), NOW()),
('e4444444-4444-4444-4444-444444444444', 'd4444444-4444-4444-4444-444444444444', NULL, 'a1111111-1111-1111-1111-111111111111', 'NEW', 18.00, 28.00, 'AVAILABLE', NOW(), NOW()),
('e6666666-6666-6666-6666-666666666666', 'd6666666-6666-6666-6666-666666666666', NULL, 'a1111111-1111-1111-1111-111111111111', 'NEW', 17.00, 27.00, 'AVAILABLE', NOW(), NOW()),
('e7777777-7777-7777-7777-777777777777', 'd1111111-1111-1111-1111-111111111111', 'b1111111-1111-1111-1111-111111111111', 'a1111111-1111-1111-1111-111111111111', 'NEW', 21.00, 31.00, 'SOLD', NOW(), NOW()),
('eaaaaaaa-aaaa-aaaa-aaaa-aaaaaaaaaaaa', 'd9999999-9999-9999-9999-999999999999', NULL, 'a1111111-1111-1111-1111-111111111111', 'FAIR', 9.00, 19.00, 'AVAILABLE', NOW(), NOW()),
('ed111111-1111-1111-1111-111111111111', 'd5555555-5555-5555-5555-555555555555', NULL, 'a1111111-1111-1111-1111-111111111111', 'GOOD', 11.00, 21.00, 'AVAILABLE', NOW(), NOW()),
('ed222222-2222-2222-2222-222222222222', 'd2222222-2222-2222-2222-222222222222', NULL, 'a1111111-1111-1111-1111-111111111111', 'POOR', 8.00, 15.00, 'AVAILABLE', NOW(), NOW()),
('ed444444-4444-4444-4444-444444444444', 'd4444444-4444-4444-4444-444444444444', 'b1111111-1111-1111-1111-111111111111', 'a1111111-1111-1111-1111-111111111111', 'NEW', 19.00, 29.00, 'SOLD', NOW(), NOW()),
('ed555555-5555-5555-5555-555555555555', 'd7777777-7777-7777-7777-777777777777', NULL, 'a1111111-1111-1111-1111-111111111111', 'GOOD', 20.00, 30.00, 'AVAILABLE', NOW(), NOW());
